regex,Ant Model
UCC *10W?[-. ?]*59[-/ a-zA-Z0-9()]*,UCC1059
UCC *10[xX][-. ?]*59DSE[-/ a-zA-Z0-9()]*,UCC10X59DSE
UCC *12W?[-. ?]*59A[-/ a-zA-Z0-9()]*,UCC1259A
UCC *6[-. ?]*59A[-/ a-zA-Z0-9()]*,UCC659A
UCC *6[xX][-. ?]*59A[-/ a-zA-Z0-9()]*,UCC6X59A
UCC *8[-. ?]*59A[-/ a-zA-Z0-9()]*,UCC859A
UCC *8[-. ?]*59B[-/ a-zA-Z0-9()]*,UCC859B
UCC *8[xX][-. ?]*59CSE[-/ a-zA-Z0-9()]*,UCC8X59CSE
UWB *10[-. ?]*5968[-/ a-zA-Z0-9()]*,UWB105968
UWB *6[-. ?]*5968SE[-/ a-zA-Z0-9()]*,UWB65968SE
UWB *6[-. ?]*5971SE[-/ a-zA-Z0-9()]*,UWB65971SE
UWB *8[-. ?]*5968[-/ a-zA-Z0-9()]*,UWB85968
UW *8[-. ?]*5968[-/ a-zA-Z0-9()]*,UWB85968
UWB *[-. ?]*5968[-/ a-zA-Z0-9()]*,UWB85968
UWB *8[-. ?]*5971A[-/ a-zA-Z0-9()]*,UWB85971A
DA *6[-. ?]*59[-./ a-vx-zA-VX-Z0-9()]*,DA659
DA *6[-. ?]*65[-./ a-zA-Z0-9()]*,DA665
DA *6[-. ?]*W57[-./ a-vx-zA-VX-Z0-9()]*,DA6W57
DAX *10[-. ?]*65[-./ a-vx-zA-VX-Z0-9()]*,DAX1065
DAX *6[-. ?]*65[-./ a-zA-Z0-9()]*,DAX665
DAX *8[-. ?]*65[-./ a-vx-zA-VX-Z0-9()]*,DAX865
DD *6[-. ?]*64DSE[-./ a-zA-Z0-9()]*,DD664DSE
HDH *10[-. ?]*65[-./ a-zA-Z0-9()]*,HDH1065
HDH *6[-. ?]*65[-./ a-zA-Z0-9()]*,HDH665
HDH *8[-. ?]*65[-./ a-zA-Z0-9()]*,HDH865
HDV *6[-. ?]*65[-./ a-zA-Z0-9()]*,HDV665
HDV *8[-. ?]*65[-./ a-zA-Z0-9()]*,HDV865
P *10[-. ?]*59[-./ a-zA-Z0-9()]*,P1059
P *10[-. ?]*65[-./ a-zA-Z0-9()]*,P1065
P10&8-65D,P1065
P *12[-. ?]*59[-./ a-zA-Z0-9()]*,P1259
P *12[-. ?]*65[-./ a-zA-Z0-9()]*,P1265
P *15[-. ?]*59[-./ a-zA-Z0-9()]*,P1559
P *15[-. ?]*65[-./ a-zA-Z0-9()]*,P1565
P *6[-. ?]*57W[-./ a-zA-Z0-9()]*,P657W
P *6[-. ?]*59[-./ a-zA-Z0-9()]*,P659
P *6[-. ?]*65[-./ a-zA-Z0-9()]*,P665
P *8[-. ?]*57W[-./ a-zA-Z0-9()]*,P857W
P *8[-. ?]*59[-./ a-zA-Z0-9()]*,P859
P *8[-. ?]*65[-./ a-zA-Z0-9()]*,P865
PA *10[-. ?]*59[-./ a-zA-Z0-9()]*,PA1059
PA *10[-. ?]*65[-./ a-zA-Z0-9()]*,PA1065
PA *10[-. ?]*W57[-./ a-zA-Z0-9()]*,PA10W57
PA *10[-. ?]*W59[-./ a-zA-Z0-9()]*,PA10W59
PA *12[-. ?]*59[-./ a-zA-Z0-9()]*,PA1259
PA *12[-. ?]*65[-./ a-zA-Z0-9()]*,PA1265
PA *12[-. ?]*W59[-./ a-zA-Z0-9()]*,PA12W59
PA *6[-. ?]*59[-./ a-vx-zA-VX-Z0-9()]*,PA659
PA *6[-. ?]*59W[-./ a-vx-zA-VX-Z0-9()]*,PA659W
PA *6[-. ?]*65[-./ a-zA-Z0-9()]*,PA665
PA *6[-. ?]*W57[-./ a-zA-Z0-9()]*,PA6W57
PA *6[-. ?]*W59[-./ a-zA-Z0-9()]*,PA6W59
PA *8[-. ?]*59[-./ a-zA-Z0-9()]*,PA859
PA *8[-. ?]*65[-./ a-zA-Z0-9()]*,PA865
PA/PAL *8[-. ?]*65[-./ a-zA-Z0-9()]*,PA865
PA *8[-. ?]*W57[-./ a-zA-Z0-9()]*,PA8W57
PA *8[-. ?]*W59[-./ a-zA-Z0-9()]*,PA8W59
[Pp][Aa][Ll] *10[-. ?]*59[-./ a-vx-zA-VX-Z0-9()]*,PAL1059
[Pp][Ll] *10[-. ?]*57W[-./ a-vx-zA-VX-Z0-9()]*,PL1057W
[Pp][Ll] *10[-. ?]*59[-./ a-vx-zA-VX-Z0-9()]*,PL1059
[Pp][Ll] *10[-. ?]*59W[-./ a-vx-zA-VX-Z0-9()]*,PL1059W
[Pp][Ll] *10[-. ?]*65[-./ a-vx-zA-VX-Z0-9()]*,PL1065
[Pp][Ll] *12[-. ?]*59[-./ a-vx-zA-VX-Z0-9()]*,PL1259
[Pp][Ll] *12[-. ?]*59W[-./ a-vx-zA-VX-Z0-9()]*,PL1259W
[Pp][Ll] *12[-. ?]*65[-./ a-vx-zA-VX-Z0-9()]*,PL1265
PL *15[-. ?]*59[-./ a-zA-Z0-9()]*,PL1559
[Pp][Ll] *15[-. ?]*65[-./ a-vx-zA-VX-Z0-9()]*,PL1565
PL *6[-. ?]*57W[-./ a-zA-Z0-9()]*,PL657W
PL *6[-. ?]*59[-./ a-vx-zA-VX-Z0-9()]*,PL659
PL *6[-. ?]*59W[-./ a-vx-zA-Z0-9()]*,PL659W
PL *6[-. ?]*65[-./ a-zA-Z0-9()]*,PL665
PL *8[-. ?]*57W[-./ a-zA-Z0-9()]*,PL857W
PL *8[-. ?]*59[-./ a-vx-zA-VX-Z0-9()]*,PL859
PL *8[-. ?]*59[Ww][-./ a-zA-Z0-9()]*,PL859W
PL *8[-. ?]*65[-./ a-vx-zA-VX-Z0-9()]*,PL865
PL *8[-. ?]*65[Ww][-./ a-zA-Z0-9()]*,PL865W
PXL *10[-. ?]*59[-./ a-zA-Z0-9()]*,PXL1059
PXL *10[-. ?]*65[-./ a-zA-Z0-9()]*,PXL1065
[Pp][Xx][Ll] *12[-. ?]*65[-./ a-vx-zA-VX-Z0-9()]*,PXL1265
PXL *6[-. ?]*59[-./ a-zA-Z0-9()]*,PXL659
PXL *6[-. ?]*65[-./ a-zA-Z0-9()]*,PXL665
PXL *8[-. ?]*59[-./ a-zA-Z0-9()]*,PXL859
PLX *8[-. ?]*59[-./ a-zA-Z0-9()]*,PXL859
PXL *8[-. ?]*65[-./ a-zA-Z0-9()]*,PXL865
PLX *8[-. ?]*65[-./ a-zA-Z0-9()]*,PXL865
[Pp][Xx] *6[-. ?]*59[-./ a-vx-zA-VX-Z0-9()]*,PX659
[Pp][Xx] *8[-. ?]*59[-./ a-vx-zA-VX-Z0-9()]*,PX859
[Pp][Xx] *8[-. ?]*65[-./ a-vx-zA-VX-Z0-9()]*,PX865
[Pp][Xx] *10[-. ?]*59[-./ a-vx-zA-VX-Z0-9()]*,PX1059
RFD *8[xX]?[-. ?]*264BSE[-/ a-zA-Z0-9()]*,RFD8264BSE
SP *6[-. ?]*59[-./ a-zA-Z0-9()]*,SP659
SP *6[-. ?]*64[-./ a-zA-Z0-9()]*,SP664
SP *8[-. ?]*59[-./ a-zA-Z0-9()]*,SP859
85009294001[-./ a-zA-Z0-9()]*,85009294001
85009294002[-./ a-zA-Z0-9()]*,85009294002
85010089021[-./ a-zA-Z0-9()]*,85010089021
85010091006[-./ a-zA-Z0-9()]*,85010091006
85010091007[-./ a-zA-Z0-9()]*,85010091007
85010092021[-./ a-zA-Z0-9()]*,85010092021
A-ANG-6G-6,AANT6G6
A-ANT-6G-6,AANT6G6
A-ANT-6G-6-C,AANT6G6
A-ANT-06G-36-C-A,AANT06G36
A-ANT-06G-48-C-A,AANT06G48
A-ANY-06G-48-C-A,AANT06G48
A-ANT-06G-72-C-A,AANT06G72
A-ANT-06G-96-W-A,AANT06G96
A-ANT-6G-96,AANT06G96
A-ANT-L6G-48-C-R,AANTL6G48
A-ANT-L6G-72-C[-AR]*,AANTL6G72
A-ANT_L6G-96-W-A,AANTL6G96
A-ANT-L6G-96-W-A,AANTL6G96
A-ANT-L6G-96-W-R,AANTL6G96
A-ANT-U6G-72-C-A,AANTU6G72
A-ANT-U6G-72-C,AANTU6G72
A-ANT-U6G-72,AANTU6G72
AD6G-3,AD6G3
AD6G-3-T2,AD6G3
AD6G-3T2,AD6G3
AD6G-4-T2,AD6G4
AD6G-6-T2,AD6G6
AD6G-6-T2CATA,AD6G6
AL *3[-. ?]*6[-./ a-zA-Z0-9()_]*,AL36
AL *4[-. ?]*6[-./ a-zA-Z0-9()]*,AL46
AL6D24HS,AL6D24HS
AM[- ]*3[-. ?]*6[-./ a-zA-Z0-9()]*,AM36
AM[- ]*4[-. ?]*6[-./ a-zA-Z0-9()]*,AM46
ANT0 1\.2 6L HPX,ANT01.26
ANT01\.26UHPX,ANT01.26
ANT0 1\.8 6L HPX,ANT01.86
ANT0 2\.4 6L HPX,ANT02.46
ANT0 2\.4 6U HPX,ANT02.46UHPX
ANT0B3\.06LHPX,ANT0B3.06LHPX
ANT2 1\.2 6L HPX,ANT21.26
ANT2 1\.8 6L HP,ANT21.86
ANT2 1\.8 6L HPX,ANT21.86
ANT2 1\.8 6U HPX,ANT21.86
ANT3_A_1\.2_6L_HP,ANT3A1.26
ANT3 A 1\.2 6L HP,ANT3A1.26
ANT3_A_1\.8_6L_HP,ANT3A1.86
ARC-UHP-MW-6-4,ARCUHPMW64
AU6D24HS,AU6D24HS
DA *10[-. ?]*59[-./ a-vx-zA-VX-Z0-9()]*,DA1059
DA *10[-. ?]*59W[-./ a-zA-Z0-9()]*,DA1059W
DA *10[-. ?]*65[-./ a-vx-zA-VX-Z0-9()]*,DA1065
DA *10[-. ?]*W57[-./ a-vx-zA-VX-Z0-9()]*,DA10W57
DA *12[-. ?]*59[-./ a-vx-zA-VX-Z0-9()]*,DA1259
DA *12[-. ?]*65[-./ a-vx-zA-VX-Z0-9()]*,DA1265
DA *8[-. ?]*59[-./ a-vx-zA-VX-Z0-9()]*,DA859
DA *8[-. ?]*59W[-./ a-zA-Z0-9()]*,DA859W
DA8-59ASHP-6W,DA859W
DA *8[-. ?]*65[-./ a-vx-zA-VX-Z0-9()]*,DA865
DA *8[-. ?]*W57[-./ a-vx-zA-VX-Z0-9()]*,DA8W57
DAX *10[-. ?]*59[-./ a-vx-zA-VX-Z0-9()]*,DAX1059
DAX *10[-. ?]*W59[-./ a-vx-zA-VX-Z0-9()]*,DAX10W59
DAX *12[-. ?]*59[-./ a-vx-zA-VX-Z0-9()]*,DAX1259
DAX *12[-. ?]*W59[-./ a-vx-zA-VX-Z0-9()]*,DAX12W59
DAX *8[-. ?]*59[-./ a-vx-zA-VX-Z0-9()]*,DAX859
DAX *8[-. ?]*59W[-./ a-vx-zA-VX-Z0-9()]*,DAX859W
DAX *8[-. ?]*W59[-./ a-vx-zA-VX-Z0-9()]*,DAX8W59
DRFB6[-. ?]*59[-. ?]*CSE,DRFB659CSE
DRFB6[-. ?]*64[-. ?]*BSE,DRFB664BSE
HDX10-59A L MAIN,HDX1059ALMAIN
HDX10-59A MAIN LF,HDX1059AMAINLF
HDX10-59A R MAIN,HDX1059ARMAIN
HDX10-59 MAIN RF,HDX1059MAINRF
HDX10-59 R DIV,HDX1059RDIV
HDX10-59 RF MAINRF,HDX1059RFMAINRF
HDX12-59 RF MAIN,HDX1259RFMAIN
HDX *8[-. ?]*59[-./ a-vx-zA-VX-Z0-9()]*,HDX859
HP3-6,HP36
HP3-6\.4,HP36.4
HP4-5\.9,HP45.9
HP4-6,HP46
HP4-6\.4,HP46.4
HP6-5\.9,HP65.9
[Hh][Pp] *4[-. ?]*59[-./ a-vx-zA-VX-Z0-9()]*,HP459
[Hh][Pp] *4[-. ?]*64[-./ a-vx-zA-VX-Z0-9()]*,HP464
[Hh][Pp] *4[-. ?]*65[-./ a-vx-zA-VX-Z0-9()]*,HP465
[Hh][Pp] *6[-. ?]*57[-./ a-vx-zA-VX-Z0-9()]*,HP657
[Hh][Pp] *6[-. ?]*57W[-./ a-vx-zA-VX-Z0-9()]*,HP657W
[Hh][Pp] *6[-. ?]*59[-./ a-vx-zA-VX-Z0-9()]*,HP659
[Hh][Pp] *6[-. ?]*59 *W[-./ a-vx-zA-VX-Z0-9()]*,HP659W
[Hh][Pp] *6[-. ?]*64[-./ a-vx-zA-VX-Z0-9()]*,HP664
[Hh][Pp] *6[-. ?]*65[-./ a-vx-zA-VX-Z0-9()]*,HP665
[Hh][Pp] *6[-. ?]*6[-./ a-vx-zA-VX-Z0-9()]*,HP66
[Hh][Pp] *8[-. ?]*57[-./ a-zA-Z0-9()]*,HP857W
[Hh][Pp] *8[-. ?]*59[-./ a-vx-zA-VX-Z0-9()]*,HP859
[Hh][Pp] *8[-. ?]*59W[-./ a-vx-zA-VX-Z0-9()]*,HP859W
[Hh][Pp] *8[-. ?]*186[-./ a-vx-zA-VX-Z0-9()]*,HP8186
[Hh][Pp] *8[-. ?]*611[-./ a-vx-zA-VX-Z0-9()]*,HP8611
[Hh][Pp] *8[-. ?]*6511[-./ a-vx-zA-VX-Z0-9()&]*,HP86511
[Hh][Pp] *8[-. ?]*65[-./ a-vx-zA-VX-Z0-9()&]*,HP865
[Hh][Pp] *10[-. ?]*57[-./ a-zA-Z0-9()]*,HP1057W
[Hh][Pp][- ]*10[-. ?]*59[-./ a-vx-zA-VX-Z0-9()]*,HP1059
[Hh][Pp] *10[-. ?]*59W[-./ a-vx-zA-VX-Z0-9()]*,HP1059W
[Hh][Pp] *10[-. ?]*611[-./ a-vx-zA-VX-Z0-9()]*,HP10611
[Hh][Pp] *10[-. ?]*65[-./ a-vx-zA-VX-Z0-9()]*,HP1065
[Hh][Pp][- ]*12[-. ?]*59[-./ a-vx-zA-VX-Z0-9()]*,HP1259
[Hh][Pp] *12[-. ?]*59W[-./ a-vx-zA-VX-Z0-9()]*,HP1259W
[Hh][Pp] *12[-. ?]*65[-./ a-vx-zA-VX-Z0-9()]*,HP1265
[Hh][Pp] *15[-. ?]*59[-./ a-vx-zA-VX-Z0-9()]*,HP1559
HPD3-6,HPD36
HPD306,HPD36
HPD4-59,HPD459
HPD4-6,HPD46
HPD4-64,HPD464
HPD6-64,HPD664
HPD6-6,HPD66
HPD6[-. ?]*59,HPD659
HPX *10[-. ?]*59[-./ a-vx-zA-VX-Z0-9()]*,HPX1059
HPX *10[-. ?]*65[-./ a-vx-zA-VX-Z0-9()]*,HPX1065
HPX *10[-. ?]*A[-. ?]*59[-./ a-vx-zA-VX-Z0-9()]*,HPX10A59
HPX *12[-. ?]*59[-./ a-vx-zA-VX-Z0-9()]*,HPX1259
HPX *12[-. ?]*65[-./ a-vx-zA-VX-Z0-9()]*,HPX1265
HPX *15[-. ?]*59[-./ a-vx-zA-VX-Z0-9()]*,HPX1559
HPX *6[-. ?]*59[-./ a-vx-zA-VX-Z0-9()]*,HPX659
HPX *6[-. ?]*65[-./ a-vx-zA-VX-Z0-9()]*,HPX665
HPX *8[-. ?]*59[-./ a-vx-zA-VX-Z0-9()]*,HPX859
HPX *8[-. ?]*65[-./ a-vx-zA-VX-Z0-9()]*,HPX865
HPX *8A[-. ?]*59[-./ a-vx-zA-VX-Z0-9()]*,HPX8A59
HSX *10[-. ?]*59[-./ a-vx-zA-VX-Z0-9()]*,HSX1059
HSX *10[-. ?]*64[-./ a-vx-zA-VX-Z0-9()]*,HSX1064
HSX *12[-. ?]*59[-./ a-vx-zA-VX-Z0-9()]*,HSX1259
HSX *4[-. ?]*59[-./ a-vx-zA-VX-Z0-9()]*,HSX459
HSX *4[-. ?]*64[-./ a-vx-zA-VX-Z0-9()]*,HSX464
HSX *6[-. ?]*59[-./ a-vx-zA-VX-Z0-9()]*,HSX659
HSX *6[-. ?]*64[-./ a-vx-zA-VX-Z0-9()]*,HSX664
HSX *8[-. ?]*59[-./ a-vx-zA-VX-Z0-9()]*,HSX859
HSX *8[-. ?]*64[-./ a-vx-zA-VX-Z0-9()]*,HSX864
HX *10[-. ?]*6W[-./ a-vx-zA-VX-Z0-9()]*,HX106W
HX *6[-. ?]*6W[-./ a-vx-zA-VX-Z0-9()]*,HX66W
HX *8[-. ?]*6W[-./ a-vx-zA-VX-Z0-9()]*,HX86W
KS15676[ BCD]*,KS15676
KS-21972,KS21972
LX *6[-. ?]*6W[-./ a-vx-zA-VX-Z0-9()]*,LX66W
P *8[-. ?]*186[-./ a-vx-zA-VX-Z0-9()]*,P8186
PAAR *8[-. ?]*59W[-./ a-vx-zA-VX-Z0-9()]*,PAAR859W
PAARX *8[-. ?]*59W[-./ a-vx-zA-VX-Z0-9()]*,PAARX859W
PAD *10[-. ?]*50[-./ a-vx-zA-VX-Z0-9()]*,PAD1050
PAD *10[-. ?]*59[-./ a-vx-zA-VX-Z0-9()]*,PAD1059
PAD *10[-. ?]*64[-./ a-vx-zA-VX-Z0-9()]*,PAD1064
PAD *10[-. ?]*65[-./ a-vx-zA-VX-Z0-9()]*,PAD1065
PAD *10[-. ?]*W57[-./ a-vx-zA-VX-Z0-9()]*,PAD10W57
PAD *10[-. ?]*W59[-./ a-vx-zA-VX-Z0-9()]*,PAD10W59
PAD *1[-. ?]*65[-./ a-vx-zA-VX-Z0-9()]*,PAD165
PAD *6[-. ?]*107[-./ a-vx-zA-VX-Z0-9()]*,PAD6107
PAD[- ]*6[-. ?]*59[-./ a-vx-zA-VX-Z0-9()]*,PAD659
PAD *6[-. ?]*59W[-./ a-zA-Z0-9()]*,PAD659W
PAD *6[-. ?]*65[-./ a-vx-zA-VX-Z0-9()]*,PAD665
PAD *6[-. ?]*[Ww]57[-./ a-vx-zA-VX-Z0-9()]*,PAD6W57
PAD *6[-. ?]*[Ww]59[-./ a-vx-zA-VX-Z0-9()]*,PAD6W59
PAD8-5\(A,PAD85
PAD *8[-. ?]*59[-./ a-vx-zA-VX-Z0-9()]*,PAD859
PAD *8[-. ?]*59W[-./ a-vx-zA-VX-Z0-9()]*,PAD859W
PAD *8[-. ?]*65[-./ a-vx-zA-VX-Z0-9()]*,PAD865
PAD *8[-. ?]*W57[-./ a-vx-zA-VX-Z0-9()]*,PAD8W57
PAD *8[-. ?]*W59[-./ a-vx-zA-VX-Z0-9()]*,PAD8W59
PAD *8[-. ?]*W59W[-./ a-vx-zA-VX-Z0-9()]*,PAD8W59W
PAD[- ^]*W59B,PADW59
[Pp][Aa][Dd][Xx] *10[-. ?]*U57[-./ a-vx-zA-VX-Z0-9()]*,PADX10U57
[Pp][Aa][Dd][Xx] *10[-. ?]*W59[-./ a-vx-zA-VX-Z0-9()]*,PADX10W59
[Pp][Aa][Dd][Xx] *6[-. ?]*59[-./ a-vx-zA-VX-Z0-9()]*,PADX659
[Pp][Aa][Dd][Xx] *6[-. ?]*U57[-./ a-vx-zA-VX-Z0-9()]*,PADX6U57
[Pp][Aa][Dd][Xx] *6[-. ?]*W57[-./ a-vx-zA-VX-Z0-9()]*,PADX6W57
[Pp][Aa][Dd][Xx] *6[-. ?]*W59[-./ a-vx-zA-VX-Z0-9()]*,PADX6W59
[Pp][Aa][Dd][Xx] *8[-. ?]*U57[-./ a-vx-zA-VX-Z0-9()]*,PADX8U57
PADZ8-U57A,PADX8U57
[Pp][Aa][Dd][Xx] *8[-. ?]*W57[-./ a-vx-zA-VX-Z0-9()]*,PADX8W57
[Pp][Aa][Dd][Xx] *8[-. ?]*W59[-./ a-vx-zA-VX-Z0-9()]*,PADX8W59
[Pp][Aa][Dd][Xx] *8[-. ?]*W69[-./ a-vx-zA-VX-Z0-9()]*,PADX8W69
[Pp][Aa][Dd][Xx] *8[-. ?]*WA57[-./ a-vx-zA-VX-Z0-9()]*,PADX8WA57
[Pp][Aa][Rr] *10(&[0-9])?[-. ?]*59[-./ a-vx-zA-VX-Z0-9()]*,PAR1059
[Pp][Aa][Rr] *10(&[0-9])?[-. ?]*59W[-./ a-zA-Z0-9()]*,PAR1059W
[Pp][Aa][Rr] *10[-. ?]*65[-./ a-vx-zA-VX-Z0-9()]*,PAR1065
[Pp][Aa][Rr] *12[-. ?]*59[-./ a-vx-zA-VX-Z0-9()]*,PAR1259
[Pp][Aa][Rr] *12[-. ?]*59-*W[-./ a-vx-zA-VX-Z0-9()]*,PAR1259W
[Pp][Aa][Rr] *12[-. ?]*65[-./ a-vx-zA-VX-Z0-9()]*,PAR1265
PAR6&6-59W,PAR6&659W
PAR6059,PAR6059
PAR6065A,PAR6065
PAR6065B RF,PAR6065
PAR[- ^]*65[ABDRF]*,PAR65
[Pp][Aa][Rr] *6[-. ?]*59[-./ a-vx-zA-VX-Z0-9()`]*,PAR659
[Pp][Aa][Rr] *6[-. ?]*59[- A]*W[-./ a-vx-zA-VX-Z0-9()]*,PAR659W
PAR[-. ?*]*65[-./ a-vx-zA-VX-Z0-9()]*RF,PAR65ARF
[Pp][Aa][Rr][- ]*6[-. ?/]*65[-./ a-vx-zA-VX-Z0-9()`]*,PAR665
PAR6-65A RFwqik561,PAR665
[Pp][Aa][Rr] *6[-. ?/]*65W[-./ a-vx-zA-VX-Z0-9()]*,PAR665W
[Pp][Aa][Rr] *6[-. ?]*69[-./ a-vx-zA-VX-Z0-9()]*,PAR669
PAR8065B LF,PAR8065
[Pp][Aa][Rr] *8(&[0-9])?[-. ?=]*59[-./ a-vx-zA-VX-Z0-9()]*,PAR859
[Pp][Aa][Rr] *8(&[0-9])?[-. ?=]*59[- ]*W[-./ a-vx-zA-VX-Z0-9()]*,PAR859W
[Pp][Aa][Rr][- ]*8[-. ?]*65[-./ a-vx-zA-VX-Z0-9()&`]*,PAR865
[Pp][Aa][Rr][Xx] *10[-. ?]*59[-./ a-vx-zA-VX-Z0-9()]*,PARX1059
[Pp][Aa][Rr][Xx] *10[-. ?]*59W[-./ a-zA-Z0-9()]*,PARX1059W
[Pp][Aa][Rr][Xx] *10[-. ?]*65[-./ a-vx-zA-VX-Z0-9()]*,PARX1065
[Pp][Aa][Rr][Xx] *12[-. ?]*59[-./ a-vx-zA-VX-Z0-9()]*,PARX1259
[Pp][Aa][Rr][Xx] *6[-. ?/]*59[-./ a-vx-zA-VX-Z0-9()]*,PARX659
[Pp][Aa][Rr][Xx] *6[-. ?/]*59[Ww][-./ a-vx-zA-VX-Z0-9()]*,PARX659W
[Pp][Aa][Rr][Xx] *6[-. ?/]*65[-./ a-vx-zA-VX-Z0-9()]*,PARX665
[Pp][Aa][Rr][Xx] *8[-. ?]*59[-./ a-vx-zA-VX-Z0-9()]*,PARX859
[Pp][Aa][Rr][Xx] *8[-. ?]*59 *W[-./ a-vx-zA-VX-Z0-9()]*,PARX859W
[Pp][Aa][Rr][Xx] *8[-. ?]*65[-./ a-vx-zA-VX-Z0-9()]*,PARX865
PDH *8[-. ?]*65[-./ a-vx-zA-VX-Z0-9()]*,PDH865
[Pp][Ll] *4[-. ?]*107[-./ a-vx-zA-VX-Z0-9()]*,PL4107
PL\*-57W,PL57W
[Pp][Ll] *6[-. ?]*107[-./ a-vx-zA-VX-Z0-9()]*,PL6107
PL65-F,PL65
PPAD6-65B,PPAD665B
[Pp][Xx][Ll] *12[-. ?]*59[-./ a-vx-zA-VX-Z0-9()]*,PXL1259
RFMA-0736UH1\.2WS,RFMA0736UH1.2WS
SB *4[-. ?]*W60[-./ a-zA-Z0-9()]*,SB4W60
SB *6[-. ?]*W60[-./ a-zA-Z0-9()]*,SB6W60
SBX *4[-. ?]*W60[-./ a-zA-Z0-9()]*,SBX4W60
SBX *6[-. ?]*W60[-./ a-zA-Z0-9()]*,SBX6W60
SC *3[-. ?]*W60[-./ a-zA-Z0-9()]*,SC3W60
SCX *3[-. ?]*W60[-./ a-vx-zA-VX-Z0-9()]*,SCX3W60
SCX *3[-. ?]*W60W[-./ a-vx-zA-VX-Z0-9()]*,SCX3W60W
SHP6-59,SHP659
SHP6-6,SHP66
SHPD6-5\.9,SHPD65.9
SHPD6-59,SHPD659
SHPD6-6,SHPD66
SHPD6-6\.4,SHPD66.4
SHPD8-6,SHPD86
SHPD8-6.4,SHPD86
SP4-5\.9,SP45.9
SP6-5\.9,SP65.9
SPD6-5\.9,SPD65.9
SU4-59D,SU459
SU *6[-. ?]*59[-./ a-zA-Z0-9()]*,SU659
SU *6[-. ?]*65[-./ a-zA-Z0-9()]*,SU665
SU6-B59,SU6B59
SUX4-59A,SUX459
SUX4-65A,SUX465
SUX6-59B,SUX659
SUX6-59B RF,SUX659
SUX6-65B,SUX665
THP 12 059 D WB,THP12059DWB
TYA12U06WS,TYA12U06WS
TYA18U06WS,TYA18U06WS
TYA24U06WS,TYA24U06WS
UA *10[-. ?]*59[-./ a-vx-zA-VX-Z0-9()]*,UA1059
UA *10[-. ?]*59W[-./ a-vx-zA-VX-Z0-9()]*,UA1059W
UA *10[-. ?]*65[-./ a-vx-zA-VX-Z0-9()]*,UA1065
UA *10[-. ?]*W59[-./ a-vx-zA-VX-Z0-9()]*,UA10W59
UA *12[-. ?]*65[-./ a-vx-zA-VX-Z0-9()]*,UA1265
UA *6[-. ?]*59[-./ a-vx-zA-VX-Z0-9()]*,UA659
UA *6[-. ?]*65[-./ a-vx-zA-VX-Z0-9()]*,UA665
UA *6[-. ?]*W59[-./ a-vx-zA-VX-Z0-9()]*,UA6W59
UA *8[-. ?]*59[-./ a-vx-zA-VX-Z0-9()]*,UA859
UA *8[-. ?]*59W[-./ a-vx-zA-VX-Z0-9()]*,UA859W
UA *8[-. ?]*65[-./ a-vx-zA-VX-Z0-9()]*,UA865
UA *8[-. ?]*W59[-./ a-vx-zA-VX-Z0-9()]*,UA8W59
UAX *10[-. ?]*59[-./ a-vx-zA-VX-Z0-9()]*,UAX1059
UHP *6[-. ?]*59[-./ a-vx-zA-VX-Z0-9()]*,UHP659
UHP *6[-. ?]*59W[-./ a-vx-zA-VX-Z0-9()]*,UHP659W
UHP *8[-. ?]*59W[-./ a-vx-zA-VX-Z0-9()]*,UHP859W
UHP *10[-. ?]*59[-./ a-vx-zA-VX-Z0-9()]*,UHP1059
UHP *10[-. ?]*59W[-./ a-vx-zA-VX-Z0-9()]*,UHP1059W
UHP *12[-. ?]*59W[-./ a-vx-zA-VX-Z0-9()]*,UHP1259W
UHP-MW-6-4,UHPMW64
UHX[- ]*6[-. ?]*59[-./ a-vx-zA-VX-Z0-9()]*,UHX659
UHX *6[-. ?]*59W[-./ a-vx-zA-VX-Z0-9()]*,UHX659W
UHX *6[-. ?]*65[-./ a-vx-zA-VX-Z0-9()]*,UHX665
UHX *8&8[-. ?]*59[-/ a-zA-Z0-9()]*,UHX859
UHX[- ]*8[-. ?/]*59[-./ a-vx-zA-VX-Z0-9()]*,UHX859
UHX *8[-. ?]*59W[-./ a-vx-zA-VX-Z0-9()]*,UHX859W
UHX *8[-. ?]*65[-./ a-vx-zA-VX-Z0-9()]*,UHX865
UHX *10[-. ?]*58[-./ a-vx-zA-VX-Z0-9()]*,UHX1058
UHX *10[-. ?]*58W[-./ a-vx-zA-VX-Z0-9()]*,UHX1058W
UHX *10[-. ?]*59[-./ a-vx-zA-VX-Z0-9()]*,UHX1059
UHX *10[-. ?]*59W[-./ a-vx-zA-VX-Z0-9()]*,UHX1059W
UHX *10[-. ?]*65[-./ a-vx-zA-VX-Z0-9()]*,UHX1065
UHX10J-59J *RF,UHX10J59
UHX *12[-. ?]*59[-./ a-vx-zA-VX-Z0-9()]*,UHX1259
UHX *12[-. ?]*59W[-./ a-vx-zA-VX-Z0-9()]*,UHX1259W
UHX *12[-. ?]*65[-/ a-zA-Z0-9()]*,UHX1265
UHX *15[-. ?]*59[-./ a-vx-zA-VX-Z0-9()]*,UHX1559
UHX *60[-. ?]*59[-./ a-vx-zA-VX-Z0-9()]*,UHX6059
UKY 220 11/DC12,UKY22011DC
UKY 220 12/DC12,UKY22012DC12
UKY22012/DC12,UKY22012DC12
UKY 220 12/DC12 R2X,UKY22012DC12
UKY 220 12/DC15,UKY22012DC15
UKY22012/DC15,UKY22012DC15
UKY 220 12/DC15 R3X,UKY22012DC15
UKY 220 12/DC/ R2X,UKY22012DCR2X
UKY 220 12/SC15,UKY22012SC15
UKY22012/SC15,UKY22012SC15
UKY 220 12/SC15_R2X,UKY22012SC15R2X
UKY 220 12/SC15 R2X,UKY22012SC15R2X
UKY22013/DC,UKY22013DC
UKY 220 13/DC12,UKY22013DC12
UKY 220 13/DC12 R3X,UKY22013DC12R3X
UKY 220 13/SC12,UKY22013SC12
UKY22013/SC12,UKY22013SC12
UKY22014/DC12,UKY22014DC12
UMX *10[-. ?]*459[-./ a-vx-zA-VX-Z0-9()]*,UMX10459
UMX *10[-. ?]*6477[-./ a-vx-zA-VX-Z0-9()]*,UMX106477
UMX *12[-. ?]*459[-./ a-vx-zA-VX-Z0-9()]*,UMX12459
UNI3-6,UNI36
UNI3-6-FS3S,UNI36FS3S
UNI4-6,UNI46
UNI4-6-FS3S,UNI46
UNI4-6-RF3S,UNI46
USX *10[-. ?]*6W[-./ a-vx-zA-VX-Z0-9()]*,USX106W
USX *6[-. ?]*6W[-./ a-vx-zA-VX-Z0-9()]*,USX66W
USX *8[-. ?]*6W[-./ a-vx-zA-VX-Z0-9()]*,USX86W
USX *8[-. ?]*62[-./ a-vx-zA-VX-Z0-9()]*,USX862
UXA *10[-. ?]*59[-./ a-vx-zA-VX-Z0-9()]*,UXA1059
UXA *10[-. ?]*59W[-./ a-vx-zA-VX-Z0-9()]*,UXA1059W
UXA *10[-. ?]*65[-./ a-vx-zA-VX-Z0-9()]*,UXA1065
UXA *10[-. ?]*U57[-./ a-vx-zA-VX-Z0-9()]*,UXA10U57
UXA *10[-. ?]*W57[-./ a-vx-zA-VX-Z0-9()]*,UXA10W57
UXA *10[-. ?]*W59[-./ a-vx-zA-VX-Z0-9()]*,UXA10W59
UXA *12[-. ?]*59[-./ a-vx-zA-VX-Z0-9()]*,UXA1259
UXA *12[-. ?]*65[-./ a-vx-zA-VX-Z0-9()]*,UXA1265
UXA *12[-. ?]*U57[-./ a-vx-zA-VX-Z0-9()]*,UXA12U57
UXA *12[-. ?]*W59[-./ a-vx-zA-VX-Z0-9()]*,UXA12W59
UXA *4[-. ?]*59[-./ a-vx-zA-VX-Z0-9()]*,UXA459
UXA *4[-. ?]*65[-./ a-vx-zA-VX-Z0-9()]*,UXA465
UXA *6[-. ?]*59[-./ a-vx-zA-VX-Z0-9()]*,UXA659
UXA *6[-. ?]*59W[-./ a-vx-zA-VX-Z0-9()]*,UXA659W
UXA *6[-. ?]*65[-./ a-vx-zA-VX-Z0-9()]*,UXA665
UXA *6[-. ?]*U57[-./ a-vx-zA-VX-Z0-9()]*,UXA6U57
UXA *6[-. ?]*W57[-./ a-vx-zA-VX-Z0-9()]*,UXA6W57
UXA *6[-. ?]*W59[-./ a-vx-zA-VX-Z0-9()]*,UXA6W59
UXA *80[-. ?]*59[-./ a-vx-zA-VX-Z0-9()]*,UXA8059
UXA *8[-. ?]*59[-./ a-vx-zA-VX-Z0-9()]*,UXA859
UXA *8[-. ?]*59W[-./ a-vx-zA-VX-Z0-9()]*,UXA859W
UXA *8[-. ?]*65[-./ a-vx-zA-VX-Z0-9()]*,UXA865
UXA *8[-. ?]*U57[-./ a-vx-zA-VX-Z0-9()]*,UXA8U57
UXA *8[-. ?]*W57[-./ a-vx-zA-VX-Z0-9()]*,UXA8W57
UXA *8[-. ?]*W59[-./ a-vx-zA-VX-Z0-9()]*,UXA8W59
UXA *8[-. ?]*WA59[-./ a-vx-zA-VX-Z0-9()]*,UXA8WA59
UXH *10[-. ?]*59[-./ a-vx-zA-VX-Z0-9()]*,UXH1059
UXH *12[-. ?]*59[-./ a-vx-zA-VX-Z0-9()]*,UXH1259
UXH *8[-. ?]*59[-./ a-vx-zA-VX-Z0-9()]*,UXH859
VHLP *3[-. ?]*6W[-./ a-zA-Z0-9()]*,VHLP36W
VHLP *4[-. ?]*6W[-./ a-zA-Z0-9()]*,VHLP46W
VHLP6-6W-4GR/A,VHLP66W4GRA
VHLP *6[-. ?]*6W[-./ a-vx-zA-VX-Z0-9()]*,VHLP66W
VHLPX *3[-. ?]*6W[-./ a-vx-zA-VX-Z0-9()]*,VHLPX36W
VHLPX *4[-. ?]*6W[-./ a-zA-Z0-9()]*,VHLPX46W
VHLPX *60[-. ?]*6W[-./ a-vx-zA-VX-Z0-9()]*,VHLPX606W
VHLPX6-6W-6WH/A,VHLPX66W6WHA
VHLPX *6[-. ?]*6W[-./ a-vx-zA-VX-Z0-9()]*,VHLPX66W
VHP *4[-. ?]*107[-./ a-vx-zA-VX-Z0-9()]*,VHP4107
VHP *6[-. ?]*107[-./ a-vx-zA-VX-Z0-9()]*,VHP6107
VHPX *10[-. ?]*6W[-./ a-vx-zA-VX-Z0-9()]*,VHPX106W
VLHP *6[-. ?]*6W[-./ a-vx-zA-VX-Z0-9()]*,VLHP66W
DBUX12-W60W103ACC,DBUX12W60W
DBUX8-W60W103A,DBUX8W60W
DBUX8-W60W103ACC,DBUX8W60W
DBX8-W60W103ACC_L,DBUX8W60W
N060080L006B,N060080L006B
N060082D128[A]*,N060082D128
N060082D129[A]*,N060082D129
N060082D132[A]*,N060082D132
N060082D151[A]*,N060082D151
N060082D152[A]*,N060082D152
N060082D153[A]*,N060082D153
PTPX-620S-ANT-3,PTPX620S
([Pp][Aa][Ss][Ss][Ii][Vv][Ee][ ]*)?0?6[ ']*[Xx][ ]*8(([Ff][Tt])|([Ff][Oo][Oo][Tt])|')?[-./ a-zA-Z0-9()`]*,6x8
([Pp][Aa][Ss][Ss][Ii][Vv][Ee][ ]*)?0?8[ ']*[Xx][ ]*10(([Ff][Tt])|([Ff][Oo][Oo][Tt])|')?[-./ a-zA-Z0-9()`]*,8x10
0810RF,8x10
2\.4[ ]*m[ ]*[Xx][ ]*3\.0[ ]*m,8x10
([Pp][Aa][Ss][Ss][Ii][Vv][Ee][ ]*)?0?8[ ']*[Xx][ ]*12(([Ff][Tt])|([Ff][Oo][Oo][Tt])|')?[-./ a-zA-Z0-9()`]*,8x12
